,Category,SubCategory,ObjectName,X,Y,Z,Shadow,Texture,Background,Name,Shape,Size,Datatype
0,Automobile,Audi,R8,0,0,0,Yes,Black,White,Automobile_Audi_R8_X0_Y0_Z0_Yes_Black_White.png,"(540, 960, 3)",21088,uint8
1,Automobile,Audi,R8,0,0,135,Yes,Black,White,Automobile_Audi_R8_X0_Y0_Z135_Yes_Black_White.png,"(540, 960, 3)",36827,uint8
2,Automobile,Audi,R8,0,0,360,Yes,Black,White,Automobile_Audi_R8_X0_Y0_Z360_Yes_Black_White.png,"(540, 960, 3)",21088,uint8
3,Automobile,Audi,R8,0,0,45,Yes,Black,White,Automobile_Audi_R8_X0_Y0_Z45_Yes_Black_White.png,"(540, 960, 3)",38681,uint8
4,Automobile,Audi,R8,0,0,90,Yes,Black,White,Automobile_Audi_R8_X0_Y0_Z90_Yes_Black_White.png,"(540, 960, 3)",35450,uint8
5,Automobile,Audi,R8,0,135,0,Yes,Black,White,Automobile_Audi_R8_X0_Y135_Z0_Yes_Black_White.png,"(540, 960, 3)",38203,uint8
6,Automobile,Audi,R8,0,135,225,Yes,Black,White,Automobile_Audi_R8_X0_Y135_Z225_Yes_Black_White.png,"(540, 960, 3)",53073,uint8
7,Automobile,Audi,R8,0,135,270,Yes,Black,White,Automobile_Audi_R8_X0_Y135_Z270_Yes_Black_White.png,"(540, 960, 3)",46954,uint8
8,Automobile,Audi,R8,0,135,315,Yes,Black,White,Automobile_Audi_R8_X0_Y135_Z315_Yes_Black_White.png,"(540, 960, 3)",52482,uint8
9,Automobile,Audi,R8,0,135,360,Yes,Black,White,Automobile_Audi_R8_X0_Y135_Z360_Yes_Black_White.png,"(540, 960, 3)",38203,uint8
10,Automobile,Audi,R8,0,180,0,Yes,Black,White,Automobile_Audi_R8_X0_Y180_Z0_Yes_Black_White.png,"(540, 960, 3)",26428,uint8
11,Automobile,Audi,R8,0,180,225,Yes,Black,White,Automobile_Audi_R8_X0_Y180_Z225_Yes_Black_White.png,"(540, 960, 3)",38349,uint8
12,Automobile,Audi,R8,0,180,270,Yes,Black,White,Automobile_Audi_R8_X0_Y180_Z270_Yes_Black_White.png,"(540, 960, 3)",34167,uint8
13,Automobile,Audi,R8,0,180,315,Yes,Black,White,Automobile_Audi_R8_X0_Y180_Z315_Yes_Black_White.png,"(540, 960, 3)",38236,uint8
14,Automobile,Audi,R8,0,180,360,Yes,Black,White,Automobile_Audi_R8_X0_Y180_Z360_Yes_Black_White.png,"(540, 960, 3)",26428,uint8
15,Automobile,Audi,R8,0,225,0,Yes,Black,White,Automobile_Audi_R8_X0_Y225_Z0_Yes_Black_White.png,"(540, 960, 3)",38724,uint8
16,Automobile,Audi,R8,0,225,225,Yes,Black,White,Automobile_Audi_R8_X0_Y225_Z225_Yes_Black_White.png,"(540, 960, 3)",54901,uint8
17,Automobile,Audi,R8,0,225,270,Yes,Black,White,Automobile_Audi_R8_X0_Y225_Z270_Yes_Black_White.png,"(540, 960, 3)",46568,uint8
18,Automobile,Audi,R8,0,225,315,Yes,Black,White,Automobile_Audi_R8_X0_Y225_Z315_Yes_Black_White.png,"(540, 960, 3)",51520,uint8
19,Automobile,Audi,R8,0,225,360,Yes,Black,White,Automobile_Audi_R8_X0_Y225_Z360_Yes_Black_White.png,"(540, 960, 3)",38724,uint8
20,Automobile,Audi,R8,0,270,0,Yes,Black,White,Automobile_Audi_R8_X0_Y270_Z0_Yes_Black_White.png,"(540, 960, 3)",37053,uint8
21,Automobile,Audi,R8,0,270,135,Yes,Black,White,Automobile_Audi_R8_X0_Y270_Z135_Yes_Black_White.png,"(540, 960, 3)",48624,uint8
22,Automobile,Audi,R8,0,270,225,Yes,Black,White,Automobile_Audi_R8_X0_Y270_Z225_Yes_Black_White.png,"(540, 960, 3)",50269,uint8
23,Automobile,Audi,R8,0,270,270,Yes,Black,White,Automobile_Audi_R8_X0_Y270_Z270_Yes_Black_White.png,"(540, 960, 3)",41160,uint8
24,Automobile,Audi,R8,0,270,315,Yes,Black,White,Automobile_Audi_R8_X0_Y270_Z315_Yes_Black_White.png,"(540, 960, 3)",50265,uint8
25,Automobile,Audi,R8,0,270,360,Yes,Black,White,Automobile_Audi_R8_X0_Y270_Z360_Yes_Black_White.png,"(540, 960, 3)",37053,uint8
26,Automobile,Audi,R8,0,270,45,Yes,Black,White,Automobile_Audi_R8_X0_Y270_Z45_Yes_Black_White.png,"(540, 960, 3)",52716,uint8
27,Automobile,Audi,R8,0,270,90,Yes,Black,White,Automobile_Audi_R8_X0_Y270_Z90_Yes_Black_White.png,"(540, 960, 3)",42911,uint8
28,Automobile,Audi,R8,0,315,0,Yes,Black,White,Automobile_Audi_R8_X0_Y315_Z0_Yes_Black_White.png,"(540, 960, 3)",35042,uint8
29,Automobile,Audi,R8,0,315,135,Yes,Black,White,Automobile_Audi_R8_X0_Y315_Z135_Yes_Black_White.png,"(540, 960, 3)",50915,uint8
30,Automobile,Audi,R8,0,315,360,Yes,Black,White,Automobile_Audi_R8_X0_Y315_Z360_Yes_Black_White.png,"(540, 960, 3)",35042,uint8
31,Automobile,Audi,R8,0,315,45,Yes,Black,White,Automobile_Audi_R8_X0_Y315_Z45_Yes_Black_White.png,"(540, 960, 3)",54175,uint8
32,Automobile,Audi,R8,0,315,90,Yes,Black,White,Automobile_Audi_R8_X0_Y315_Z90_Yes_Black_White.png,"(540, 960, 3)",47209,uint8
33,Automobile,Audi,R8,0,360,0,Yes,Black,White,Automobile_Audi_R8_X0_Y360_Z0_Yes_Black_White.png,"(540, 960, 3)",21088,uint8
34,Automobile,Audi,R8,0,360,135,Yes,Black,White,Automobile_Audi_R8_X0_Y360_Z135_Yes_Black_White.png,"(540, 960, 3)",36827,uint8
35,Automobile,Audi,R8,0,360,360,Yes,Black,White,Automobile_Audi_R8_X0_Y360_Z360_Yes_Black_White.png,"(540, 960, 3)",21088,uint8
36,Automobile,Audi,R8,0,360,45,Yes,Black,White,Automobile_Audi_R8_X0_Y360_Z45_Yes_Black_White.png,"(540, 960, 3)",38681,uint8
37,Automobile,Audi,R8,0,360,90,Yes,Black,White,Automobile_Audi_R8_X0_Y360_Z90_Yes_Black_White.png,"(540, 960, 3)",35450,uint8
38,Automobile,Audi,R8,0,45,0,Yes,Black,White,Automobile_Audi_R8_X0_Y45_Z0_Yes_Black_White.png,"(540, 960, 3)",34928,uint8
39,Automobile,Audi,R8,0,45,135,Yes,Black,White,Automobile_Audi_R8_X0_Y45_Z135_Yes_Black_White.png,"(540, 960, 3)",51879,uint8
40,Automobile,Audi,R8,0,45,360,Yes,Black,White,Automobile_Audi_R8_X0_Y45_Z360_Yes_Black_White.png,"(540, 960, 3)",34928,uint8
41,Automobile,Audi,R8,0,45,45,Yes,Black,White,Automobile_Audi_R8_X0_Y45_Z45_Yes_Black_White.png,"(540, 960, 3)",53205,uint8
42,Automobile,Audi,R8,0,45,90,Yes,Black,White,Automobile_Audi_R8_X0_Y45_Z90_Yes_Black_White.png,"(540, 960, 3)",46965,uint8
43,Automobile,Audi,R8,0,90,0,Yes,Black,White,Automobile_Audi_R8_X0_Y90_Z0_Yes_Black_White.png,"(540, 960, 3)",36992,uint8
44,Automobile,Audi,R8,0,90,135,Yes,Black,White,Automobile_Audi_R8_X0_Y90_Z135_Yes_Black_White.png,"(540, 960, 3)",50068,uint8
45,Automobile,Audi,R8,0,90,225,Yes,Black,White,Automobile_Audi_R8_X0_Y90_Z225_Yes_Black_White.png,"(540, 960, 3)",49347,uint8
46,Automobile,Audi,R8,0,90,270,Yes,Black,White,Automobile_Audi_R8_X0_Y90_Z270_Yes_Black_White.png,"(540, 960, 3)",42998,uint8
47,Automobile,Audi,R8,0,90,315,Yes,Black,White,Automobile_Audi_R8_X0_Y90_Z315_Yes_Black_White.png,"(540, 960, 3)",51892,uint8
48,Automobile,Audi,R8,0,90,360,Yes,Black,White,Automobile_Audi_R8_X0_Y90_Z360_Yes_Black_White.png,"(540, 960, 3)",36992,uint8
49,Automobile,Audi,R8,0,90,45,Yes,Black,White,Automobile_Audi_R8_X0_Y90_Z45_Yes_Black_White.png,"(540, 960, 3)",51553,uint8
50,Automobile,Audi,R8,0,90,90,Yes,Black,White,Automobile_Audi_R8_X0_Y90_Z90_Yes_Black_White.png,"(540, 960, 3)",41550,uint8
51,Automobile,Audi,R8,135,0,0,Yes,Black,White,Automobile_Audi_R8_X135_Y0_Z0_Yes_Black_White.png,"(540, 960, 3)",33481,uint8
52,Automobile,Audi,R8,135,0,135,Yes,Black,White,Automobile_Audi_R8_X135_Y0_Z135_Yes_Black_White.png,"(540, 960, 3)",49777,uint8
53,Automobile,Audi,R8,135,0,180,Yes,Black,White,Automobile_Audi_R8_X135_Y0_Z180_Yes_Black_White.png,"(540, 960, 3)",40471,uint8
54,Automobile,Audi,R8,135,0,360,Yes,Black,White,Automobile_Audi_R8_X135_Y0_Z360_Yes_Black_White.png,"(540, 960, 3)",33481,uint8
55,Automobile,Audi,R8,135,0,45,Yes,Black,White,Automobile_Audi_R8_X135_Y0_Z45_Yes_Black_White.png,"(540, 960, 3)",48411,uint8
56,Automobile,Audi,R8,135,0,90,Yes,Black,White,Automobile_Audi_R8_X135_Y0_Z90_Yes_Black_White.png,"(540, 960, 3)",49086,uint8
57,Automobile,Audi,R8,135,135,0,Yes,Black,White,Automobile_Audi_R8_X135_Y135_Z0_Yes_Black_White.png,"(540, 960, 3)",50219,uint8
58,Automobile,Audi,R8,135,135,180,Yes,Black,White,Automobile_Audi_R8_X135_Y135_Z180_Yes_Black_White.png,"(540, 960, 3)",49674,uint8
59,Automobile,Audi,R8,135,135,225,Yes,Black,White,Automobile_Audi_R8_X135_Y135_Z225_Yes_Black_White.png,"(540, 960, 3)",51192,uint8
60,Automobile,Audi,R8,135,135,270,Yes,Black,White,Automobile_Audi_R8_X135_Y135_Z270_Yes_Black_White.png,"(540, 960, 3)",57979,uint8
61,Automobile,Audi,R8,135,135,315,Yes,Black,White,Automobile_Audi_R8_X135_Y135_Z315_Yes_Black_White.png,"(540, 960, 3)",47735,uint8
62,Automobile,Audi,R8,135,135,360,Yes,Black,White,Automobile_Audi_R8_X135_Y135_Z360_Yes_Black_White.png,"(540, 960, 3)",50219,uint8
63,Automobile,Audi,R8,135,180,0,Yes,Black,White,Automobile_Audi_R8_X135_Y180_Z0_Yes_Black_White.png,"(540, 960, 3)",39234,uint8
64,Automobile,Audi,R8,135,180,180,Yes,Black,White,Automobile_Audi_R8_X135_Y180_Z180_Yes_Black_White.png,"(540, 960, 3)",32020,uint8
65,Automobile,Audi,R8,135,180,225,Yes,Black,White,Automobile_Audi_R8_X135_Y180_Z225_Yes_Black_White.png,"(540, 960, 3)",48979,uint8
66,Automobile,Audi,R8,135,180,270,Yes,Black,White,Automobile_Audi_R8_X135_Y180_Z270_Yes_Black_White.png,"(540, 960, 3)",50003,uint8
67,Automobile,Audi,R8,135,180,315,Yes,Black,White,Automobile_Audi_R8_X135_Y180_Z315_Yes_Black_White.png,"(540, 960, 3)",49062,uint8
68,Automobile,Audi,R8,135,180,360,Yes,Black,White,Automobile_Audi_R8_X135_Y180_Z360_Yes_Black_White.png,"(540, 960, 3)",39234,uint8
69,Automobile,Audi,R8,135,225,0,Yes,Black,White,Automobile_Audi_R8_X135_Y225_Z0_Yes_Black_White.png,"(540, 960, 3)",49683,uint8
70,Automobile,Audi,R8,135,225,180,Yes,Black,White,Automobile_Audi_R8_X135_Y225_Z180_Yes_Black_White.png,"(540, 960, 3)",46610,uint8
71,Automobile,Audi,R8,135,225,225,Yes,Black,White,Automobile_Audi_R8_X135_Y225_Z225_Yes_Black_White.png,"(540, 960, 3)",46730,uint8
72,Automobile,Audi,R8,135,225,270,Yes,Black,White,Automobile_Audi_R8_X135_Y225_Z270_Yes_Black_White.png,"(540, 960, 3)",56075,uint8
73,Automobile,Audi,R8,135,225,315,Yes,Black,White,Automobile_Audi_R8_X135_Y225_Z315_Yes_Black_White.png,"(540, 960, 3)",50420,uint8
74,Automobile,Audi,R8,135,225,360,Yes,Black,White,Automobile_Audi_R8_X135_Y225_Z360_Yes_Black_White.png,"(540, 960, 3)",49683,uint8
75,Automobile,Audi,R8,135,270,0,Yes,Black,White,Automobile_Audi_R8_X135_Y270_Z0_Yes_Black_White.png,"(540, 960, 3)",48624,uint8
76,Automobile,Audi,R8,135,270,135,Yes,Black,White,Automobile_Audi_R8_X135_Y270_Z135_Yes_Black_White.png,"(540, 960, 3)",41160,uint8
77,Automobile,Audi,R8,135,270,180,Yes,Black,White,Automobile_Audi_R8_X135_Y270_Z180_Yes_Black_White.png,"(540, 960, 3)",50265,uint8
78,Automobile,Audi,R8,135,270,225,Yes,Black,White,Automobile_Audi_R8_X135_Y270_Z225_Yes_Black_White.png,"(540, 960, 3)",37053,uint8
79,Automobile,Audi,R8,135,270,270,Yes,Black,White,Automobile_Audi_R8_X135_Y270_Z270_Yes_Black_White.png,"(540, 960, 3)",52716,uint8
80,Automobile,Audi,R8,135,270,315,Yes,Black,White,Automobile_Audi_R8_X135_Y270_Z315_Yes_Black_White.png,"(540, 960, 3)",42911,uint8
81,Automobile,Audi,R8,135,270,360,Yes,Black,White,Automobile_Audi_R8_X135_Y270_Z360_Yes_Black_White.png,"(540, 960, 3)",48624,uint8
82,Automobile,Audi,R8,135,270,90,Yes,Black,White,Automobile_Audi_R8_X135_Y270_Z90_Yes_Black_White.png,"(540, 960, 3)",50269,uint8
83,Automobile,Audi,R8,135,315,0,Yes,Black,White,Automobile_Audi_R8_X135_Y315_Z0_Yes_Black_White.png,"(540, 960, 3)",48235,uint8
84,Automobile,Audi,R8,135,315,135,Yes,Black,White,Automobile_Audi_R8_X135_Y315_Z135_Yes_Black_White.png,"(540, 960, 3)",51031,uint8
85,Automobile,Audi,R8,135,315,180,Yes,Black,White,Automobile_Audi_R8_X135_Y315_Z180_Yes_Black_White.png,"(540, 960, 3)",52064,uint8
86,Automobile,Audi,R8,135,315,360,Yes,Black,White,Automobile_Audi_R8_X135_Y315_Z360_Yes_Black_White.png,"(540, 960, 3)",48235,uint8
87,Automobile,Audi,R8,135,315,45,Yes,Black,White,Automobile_Audi_R8_X135_Y315_Z45_Yes_Black_White.png,"(540, 960, 3)",48018,uint8
88,Automobile,Audi,R8,135,315,90,Yes,Black,White,Automobile_Audi_R8_X135_Y315_Z90_Yes_Black_White.png,"(540, 960, 3)",57852,uint8
89,Automobile,Audi,R8,135,360,0,Yes,Black,White,Automobile_Audi_R8_X135_Y360_Z0_Yes_Black_White.png,"(540, 960, 3)",33481,uint8
90,Automobile,Audi,R8,135,360,135,Yes,Black,White,Automobile_Audi_R8_X135_Y360_Z135_Yes_Black_White.png,"(540, 960, 3)",49777,uint8
91,Automobile,Audi,R8,135,360,180,Yes,Black,White,Automobile_Audi_R8_X135_Y360_Z180_Yes_Black_White.png,"(540, 960, 3)",40471,uint8
92,Automobile,Audi,R8,135,360,360,Yes,Black,White,Automobile_Audi_R8_X135_Y360_Z360_Yes_Black_White.png,"(540, 960, 3)",33481,uint8
93,Automobile,Audi,R8,135,360,45,Yes,Black,White,Automobile_Audi_R8_X135_Y360_Z45_Yes_Black_White.png,"(540, 960, 3)",48411,uint8
94,Automobile,Audi,R8,135,360,90,Yes,Black,White,Automobile_Audi_R8_X135_Y360_Z90_Yes_Black_White.png,"(540, 960, 3)",49086,uint8
95,Automobile,Audi,R8,135,45,0,Yes,Black,White,Automobile_Audi_R8_X135_Y45_Z0_Yes_Black_White.png,"(540, 960, 3)",47658,uint8
96,Automobile,Audi,R8,135,45,135,Yes,Black,White,Automobile_Audi_R8_X135_Y45_Z135_Yes_Black_White.png,"(540, 960, 3)",47183,uint8
97,Automobile,Audi,R8,135,45,180,Yes,Black,White,Automobile_Audi_R8_X135_Y45_Z180_Yes_Black_White.png,"(540, 960, 3)",51132,uint8
98,Automobile,Audi,R8,135,45,360,Yes,Black,White,Automobile_Audi_R8_X135_Y45_Z360_Yes_Black_White.png,"(540, 960, 3)",47658,uint8
99,Automobile,Audi,R8,135,45,45,Yes,Black,White,Automobile_Audi_R8_X135_Y45_Z45_Yes_Black_White.png,"(540, 960, 3)",51381,uint8
100,Automobile,Audi,R8,135,45,90,Yes,Black,White,Automobile_Audi_R8_X135_Y45_Z90_Yes_Black_White.png,"(540, 960, 3)",56642,uint8
101,Automobile,Audi,R8,135,90,0,Yes,Black,White,Automobile_Audi_R8_X135_Y90_Z0_Yes_Black_White.png,"(540, 960, 3)",49347,uint8
102,Automobile,Audi,R8,135,90,135,Yes,Black,White,Automobile_Audi_R8_X135_Y90_Z135_Yes_Black_White.png,"(540, 960, 3)",36992,uint8
103,Automobile,Audi,R8,135,90,180,Yes,Black,White,Automobile_Audi_R8_X135_Y90_Z180_Yes_Black_White.png,"(540, 960, 3)",51553,uint8
104,Automobile,Audi,R8,135,90,225,Yes,Black,White,Automobile_Audi_R8_X135_Y90_Z225_Yes_Black_White.png,"(540, 960, 3)",41550,uint8
105,Automobile,Audi,R8,135,90,270,Yes,Black,White,Automobile_Audi_R8_X135_Y90_Z270_Yes_Black_White.png,"(540, 960, 3)",50068,uint8
106,Automobile,Audi,R8,135,90,360,Yes,Black,White,Automobile_Audi_R8_X135_Y90_Z360_Yes_Black_White.png,"(540, 960, 3)",49347,uint8
107,Automobile,Audi,R8,135,90,45,Yes,Black,White,Automobile_Audi_R8_X135_Y90_Z45_Yes_Black_White.png,"(540, 960, 3)",42998,uint8
108,Automobile,Audi,R8,135,90,90,Yes,Black,White,Automobile_Audi_R8_X135_Y90_Z90_Yes_Black_White.png,"(540, 960, 3)",51892,uint8
109,Automobile,Audi,R8,180,0,135,Yes,Black,White,Automobile_Audi_R8_X180_Y0_Z135_Yes_Black_White.png,"(540, 960, 3)",38236,uint8
110,Automobile,Audi,R8,180,0,180,Yes,Black,White,Automobile_Audi_R8_X180_Y0_Z180_Yes_Black_White.png,"(540, 960, 3)",26428,uint8
111,Automobile,Audi,R8,180,0,45,Yes,Black,White,Automobile_Audi_R8_X180_Y0_Z45_Yes_Black_White.png,"(540, 960, 3)",38349,uint8
112,Automobile,Audi,R8,180,0,90,Yes,Black,White,Automobile_Audi_R8_X180_Y0_Z90_Yes_Black_White.png,"(540, 960, 3)",34167,uint8
113,Automobile,Audi,R8,180,135,180,Yes,Black,White,Automobile_Audi_R8_X180_Y135_Z180_Yes_Black_White.png,"(540, 960, 3)",34928,uint8
114,Automobile,Audi,R8,180,135,225,Yes,Black,White,Automobile_Audi_R8_X180_Y135_Z225_Yes_Black_White.png,"(540, 960, 3)",53205,uint8
115,Automobile,Audi,R8,180,135,270,Yes,Black,White,Automobile_Audi_R8_X180_Y135_Z270_Yes_Black_White.png,"(540, 960, 3)",46965,uint8
116,Automobile,Audi,R8,180,135,315,Yes,Black,White,Automobile_Audi_R8_X180_Y135_Z315_Yes_Black_White.png,"(540, 960, 3)",51879,uint8
117,Automobile,Audi,R8,180,180,180,Yes,Black,White,Automobile_Audi_R8_X180_Y180_Z180_Yes_Black_White.png,"(540, 960, 3)",21088,uint8
118,Automobile,Audi,R8,180,180,225,Yes,Black,White,Automobile_Audi_R8_X180_Y180_Z225_Yes_Black_White.png,"(540, 960, 3)",38681,uint8
119,Automobile,Audi,R8,180,180,270,Yes,Black,White,Automobile_Audi_R8_X180_Y180_Z270_Yes_Black_White.png,"(540, 960, 3)",35450,uint8
120,Automobile,Audi,R8,180,180,315,Yes,Black,White,Automobile_Audi_R8_X180_Y180_Z315_Yes_Black_White.png,"(540, 960, 3)",36827,uint8
121,Automobile,Audi,R8,180,225,180,Yes,Black,White,Automobile_Audi_R8_X180_Y225_Z180_Yes_Black_White.png,"(540, 960, 3)",35042,uint8
122,Automobile,Audi,R8,180,225,225,Yes,Black,White,Automobile_Audi_R8_X180_Y225_Z225_Yes_Black_White.png,"(540, 960, 3)",54175,uint8
123,Automobile,Audi,R8,180,225,270,Yes,Black,White,Automobile_Audi_R8_X180_Y225_Z270_Yes_Black_White.png,"(540, 960, 3)",47209,uint8
124,Automobile,Audi,R8,180,225,315,Yes,Black,White,Automobile_Audi_R8_X180_Y225_Z315_Yes_Black_White.png,"(540, 960, 3)",50915,uint8
125,Automobile,Audi,R8,180,270,135,Yes,Black,White,Automobile_Audi_R8_X180_Y270_Z135_Yes_Black_White.png,"(540, 960, 3)",50265,uint8
126,Automobile,Audi,R8,180,270,180,Yes,Black,White,Automobile_Audi_R8_X180_Y270_Z180_Yes_Black_White.png,"(540, 960, 3)",37053,uint8
127,Automobile,Audi,R8,180,270,225,Yes,Black,White,Automobile_Audi_R8_X180_Y270_Z225_Yes_Black_White.png,"(540, 960, 3)",52716,uint8
128,Automobile,Audi,R8,180,270,270,Yes,Black,White,Automobile_Audi_R8_X180_Y270_Z270_Yes_Black_White.png,"(540, 960, 3)",42911,uint8
129,Automobile,Audi,R8,180,270,315,Yes,Black,White,Automobile_Audi_R8_X180_Y270_Z315_Yes_Black_White.png,"(540, 960, 3)",48624,uint8
130,Automobile,Audi,R8,180,270,45,Yes,Black,White,Automobile_Audi_R8_X180_Y270_Z45_Yes_Black_White.png,"(540, 960, 3)",50269,uint8
131,Automobile,Audi,R8,180,270,90,Yes,Black,White,Automobile_Audi_R8_X180_Y270_Z90_Yes_Black_White.png,"(540, 960, 3)",41160,uint8
132,Automobile,Audi,R8,180,315,135,Yes,Black,White,Automobile_Audi_R8_X180_Y315_Z135_Yes_Black_White.png,"(540, 960, 3)",51520,uint8
133,Automobile,Audi,R8,180,315,180,Yes,Black,White,Automobile_Audi_R8_X180_Y315_Z180_Yes_Black_White.png,"(540, 960, 3)",38724,uint8
134,Automobile,Audi,R8,180,315,45,Yes,Black,White,Automobile_Audi_R8_X180_Y315_Z45_Yes_Black_White.png,"(540, 960, 3)",54901,uint8
135,Automobile,Audi,R8,180,315,90,Yes,Black,White,Automobile_Audi_R8_X180_Y315_Z90_Yes_Black_White.png,"(540, 960, 3)",46568,uint8
136,Automobile,Audi,R8,180,360,135,Yes,Black,White,Automobile_Audi_R8_X180_Y360_Z135_Yes_Black_White.png,"(540, 960, 3)",38236,uint8
137,Automobile,Audi,R8,180,360,180,Yes,Black,White,Automobile_Audi_R8_X180_Y360_Z180_Yes_Black_White.png,"(540, 960, 3)",26428,uint8
138,Automobile,Audi,R8,180,360,45,Yes,Black,White,Automobile_Audi_R8_X180_Y360_Z45_Yes_Black_White.png,"(540, 960, 3)",38349,uint8
139,Automobile,Audi,R8,180,360,90,Yes,Black,White,Automobile_Audi_R8_X180_Y360_Z90_Yes_Black_White.png,"(540, 960, 3)",34167,uint8
140,Automobile,Audi,R8,180,45,135,Yes,Black,White,Automobile_Audi_R8_X180_Y45_Z135_Yes_Black_White.png,"(540, 960, 3)",52482,uint8
141,Automobile,Audi,R8,180,45,180,Yes,Black,White,Automobile_Audi_R8_X180_Y45_Z180_Yes_Black_White.png,"(540, 960, 3)",38203,uint8
142,Automobile,Audi,R8,180,45,45,Yes,Black,White,Automobile_Audi_R8_X180_Y45_Z45_Yes_Black_White.png,"(540, 960, 3)",53073,uint8
143,Automobile,Audi,R8,180,45,90,Yes,Black,White,Automobile_Audi_R8_X180_Y45_Z90_Yes_Black_White.png,"(540, 960, 3)",46954,uint8
144,Automobile,Audi,R8,180,90,135,Yes,Black,White,Automobile_Audi_R8_X180_Y90_Z135_Yes_Black_White.png,"(540, 960, 3)",51892,uint8
145,Automobile,Audi,R8,180,90,180,Yes,Black,White,Automobile_Audi_R8_X180_Y90_Z180_Yes_Black_White.png,"(540, 960, 3)",36992,uint8
146,Automobile,Audi,R8,180,90,225,Yes,Black,White,Automobile_Audi_R8_X180_Y90_Z225_Yes_Black_White.png,"(540, 960, 3)",51553,uint8
147,Automobile,Audi,R8,180,90,270,Yes,Black,White,Automobile_Audi_R8_X180_Y90_Z270_Yes_Black_White.png,"(540, 960, 3)",41550,uint8
148,Automobile,Audi,R8,180,90,315,Yes,Black,White,Automobile_Audi_R8_X180_Y90_Z315_Yes_Black_White.png,"(540, 960, 3)",50068,uint8
149,Automobile,Audi,R8,180,90,45,Yes,Black,White,Automobile_Audi_R8_X180_Y90_Z45_Yes_Black_White.png,"(540, 960, 3)",49347,uint8
150,Automobile,Audi,R8,180,90,90,Yes,Black,White,Automobile_Audi_R8_X180_Y90_Z90_Yes_Black_White.png,"(540, 960, 3)",42998,uint8
151,Automobile,Audi,R8,225,0,0,Yes,Black,White,Automobile_Audi_R8_X225_Y0_Z0_Yes_Black_White.png,"(540, 960, 3)",33774,uint8
152,Automobile,Audi,R8,225,0,135,Yes,Black,White,Automobile_Audi_R8_X225_Y0_Z135_Yes_Black_White.png,"(540, 960, 3)",49697,uint8
153,Automobile,Audi,R8,225,0,180,Yes,Black,White,Automobile_Audi_R8_X225_Y0_Z180_Yes_Black_White.png,"(540, 960, 3)",41198,uint8
154,Automobile,Audi,R8,225,0,360,Yes,Black,White,Automobile_Audi_R8_X225_Y0_Z360_Yes_Black_White.png,"(540, 960, 3)",33774,uint8
155,Automobile,Audi,R8,225,0,45,Yes,Black,White,Automobile_Audi_R8_X225_Y0_Z45_Yes_Black_White.png,"(540, 960, 3)",47667,uint8
156,Automobile,Audi,R8,225,0,90,Yes,Black,White,Automobile_Audi_R8_X225_Y0_Z90_Yes_Black_White.png,"(540, 960, 3)",47897,uint8
157,Automobile,Audi,R8,225,135,0,Yes,Black,White,Automobile_Audi_R8_X225_Y135_Z0_Yes_Black_White.png,"(540, 960, 3)",50196,uint8
158,Automobile,Audi,R8,225,135,180,Yes,Black,White,Automobile_Audi_R8_X225_Y135_Z180_Yes_Black_White.png,"(540, 960, 3)",47977,uint8
159,Automobile,Audi,R8,225,135,225,Yes,Black,White,Automobile_Audi_R8_X225_Y135_Z225_Yes_Black_White.png,"(540, 960, 3)",45775,uint8
160,Automobile,Audi,R8,225,135,270,Yes,Black,White,Automobile_Audi_R8_X225_Y135_Z270_Yes_Black_White.png,"(540, 960, 3)",55024,uint8
161,Automobile,Audi,R8,225,135,315,Yes,Black,White,Automobile_Audi_R8_X225_Y135_Z315_Yes_Black_White.png,"(540, 960, 3)",50373,uint8
162,Automobile,Audi,R8,225,135,360,Yes,Black,White,Automobile_Audi_R8_X225_Y135_Z360_Yes_Black_White.png,"(540, 960, 3)",50196,uint8
163,Automobile,Audi,R8,225,180,0,Yes,Black,White,Automobile_Audi_R8_X225_Y180_Z0_Yes_Black_White.png,"(540, 960, 3)",40500,uint8
164,Automobile,Audi,R8,225,180,180,Yes,Black,White,Automobile_Audi_R8_X225_Y180_Z180_Yes_Black_White.png,"(540, 960, 3)",32264,uint8
165,Automobile,Audi,R8,225,180,225,Yes,Black,White,Automobile_Audi_R8_X225_Y180_Z225_Yes_Black_White.png,"(540, 960, 3)",47986,uint8
166,Automobile,Audi,R8,225,180,270,Yes,Black,White,Automobile_Audi_R8_X225_Y180_Z270_Yes_Black_White.png,"(540, 960, 3)",49078,uint8
167,Automobile,Audi,R8,225,180,315,Yes,Black,White,Automobile_Audi_R8_X225_Y180_Z315_Yes_Black_White.png,"(540, 960, 3)",48905,uint8
168,Automobile,Audi,R8,225,180,360,Yes,Black,White,Automobile_Audi_R8_X225_Y180_Z360_Yes_Black_White.png,"(540, 960, 3)",40500,uint8
169,Automobile,Audi,R8,225,225,0,Yes,Black,White,Automobile_Audi_R8_X225_Y225_Z0_Yes_Black_White.png,"(540, 960, 3)",50190,uint8
170,Automobile,Audi,R8,225,225,180,Yes,Black,White,Automobile_Audi_R8_X225_Y225_Z180_Yes_Black_White.png,"(540, 960, 3)",49795,uint8
171,Automobile,Audi,R8,225,225,225,Yes,Black,White,Automobile_Audi_R8_X225_Y225_Z225_Yes_Black_White.png,"(540, 960, 3)",50501,uint8
172,Automobile,Audi,R8,225,225,270,Yes,Black,White,Automobile_Audi_R8_X225_Y225_Z270_Yes_Black_White.png,"(540, 960, 3)",55595,uint8
173,Automobile,Audi,R8,225,225,315,Yes,Black,White,Automobile_Audi_R8_X225_Y225_Z315_Yes_Black_White.png,"(540, 960, 3)",47887,uint8
174,Automobile,Audi,R8,225,225,360,Yes,Black,White,Automobile_Audi_R8_X225_Y225_Z360_Yes_Black_White.png,"(540, 960, 3)",50190,uint8
175,Automobile,Audi,R8,225,270,0,Yes,Black,White,Automobile_Audi_R8_X225_Y270_Z0_Yes_Black_White.png,"(540, 960, 3)",50269,uint8
176,Automobile,Audi,R8,225,270,135,Yes,Black,White,Automobile_Audi_R8_X225_Y270_Z135_Yes_Black_White.png,"(540, 960, 3)",37053,uint8
177,Automobile,Audi,R8,225,270,180,Yes,Black,White,Automobile_Audi_R8_X225_Y270_Z180_Yes_Black_White.png,"(540, 960, 3)",52716,uint8
178,Automobile,Audi,R8,225,270,225,Yes,Black,White,Automobile_Audi_R8_X225_Y270_Z225_Yes_Black_White.png,"(540, 960, 3)",42911,uint8
179,Automobile,Audi,R8,225,270,270,Yes,Black,White,Automobile_Audi_R8_X225_Y270_Z270_Yes_Black_White.png,"(540, 960, 3)",48624,uint8
180,Automobile,Audi,R8,225,270,360,Yes,Black,White,Automobile_Audi_R8_X225_Y270_Z360_Yes_Black_White.png,"(540, 960, 3)",50269,uint8
181,Automobile,Audi,R8,225,270,45,Yes,Black,White,Automobile_Audi_R8_X225_Y270_Z45_Yes_Black_White.png,"(540, 960, 3)",41160,uint8
182,Automobile,Audi,R8,225,270,90,Yes,Black,White,Automobile_Audi_R8_X225_Y270_Z90_Yes_Black_White.png,"(540, 960, 3)",50265,uint8
183,Automobile,Audi,R8,225,315,0,Yes,Black,White,Automobile_Audi_R8_X225_Y315_Z0_Yes_Black_White.png,"(540, 960, 3)",47803,uint8
184,Automobile,Audi,R8,225,315,135,Yes,Black,White,Automobile_Audi_R8_X225_Y315_Z135_Yes_Black_White.png,"(540, 960, 3)",46722,uint8
185,Automobile,Audi,R8,225,315,180,Yes,Black,White,Automobile_Audi_R8_X225_Y315_Z180_Yes_Black_White.png,"(540, 960, 3)",51847,uint8
186,Automobile,Audi,R8,225,315,360,Yes,Black,White,Automobile_Audi_R8_X225_Y315_Z360_Yes_Black_White.png,"(540, 960, 3)",47803,uint8
187,Automobile,Audi,R8,225,315,45,Yes,Black,White,Automobile_Audi_R8_X225_Y315_Z45_Yes_Black_White.png,"(540, 960, 3)",50771,uint8
188,Automobile,Audi,R8,225,315,90,Yes,Black,White,Automobile_Audi_R8_X225_Y315_Z90_Yes_Black_White.png,"(540, 960, 3)",55266,uint8
189,Automobile,Audi,R8,225,360,0,Yes,Black,White,Automobile_Audi_R8_X225_Y360_Z0_Yes_Black_White.png,"(540, 960, 3)",33774,uint8
190,Automobile,Audi,R8,225,360,135,Yes,Black,White,Automobile_Audi_R8_X225_Y360_Z135_Yes_Black_White.png,"(540, 960, 3)",49697,uint8
191,Automobile,Audi,R8,225,360,180,Yes,Black,White,Automobile_Audi_R8_X225_Y360_Z180_Yes_Black_White.png,"(540, 960, 3)",41208,uint8
192,Automobile,Audi,R8,225,360,360,Yes,Black,White,Automobile_Audi_R8_X225_Y360_Z360_Yes_Black_White.png,"(540, 960, 3)",33774,uint8
193,Automobile,Audi,R8,225,360,45,Yes,Black,White,Automobile_Audi_R8_X225_Y360_Z45_Yes_Black_White.png,"(540, 960, 3)",47667,uint8
194,Automobile,Audi,R8,225,360,90,Yes,Black,White,Automobile_Audi_R8_X225_Y360_Z90_Yes_Black_White.png,"(540, 960, 3)",47897,uint8
195,Automobile,Audi,R8,225,45,0,Yes,Black,White,Automobile_Audi_R8_X225_Y45_Z0_Yes_Black_White.png,"(540, 960, 3)",48081,uint8
196,Automobile,Audi,R8,225,45,135,Yes,Black,White,Automobile_Audi_R8_X225_Y45_Z135_Yes_Black_White.png,"(540, 960, 3)",50662,uint8
197,Automobile,Audi,R8,225,45,180,Yes,Black,White,Automobile_Audi_R8_X225_Y45_Z180_Yes_Black_White.png,"(540, 960, 3)",52786,uint8
198,Automobile,Audi,R8,225,45,360,Yes,Black,White,Automobile_Audi_R8_X225_Y45_Z360_Yes_Black_White.png,"(540, 960, 3)",48081,uint8
199,Automobile,Audi,R8,225,45,45,Yes,Black,White,Automobile_Audi_R8_X225_Y45_Z45_Yes_Black_White.png,"(540, 960, 3)",47170,uint8
200,Automobile,Audi,R8,225,45,90,Yes,Black,White,Automobile_Audi_R8_X225_Y45_Z90_Yes_Black_White.png,"(540, 960, 3)",55891,uint8
201,Automobile,Audi,R8,225,90,0,Yes,Black,White,Automobile_Audi_R8_X225_Y90_Z0_Yes_Black_White.png,"(540, 960, 3)",50068,uint8
202,Automobile,Audi,R8,225,90,135,Yes,Black,White,Automobile_Audi_R8_X225_Y90_Z135_Yes_Black_White.png,"(540, 960, 3)",42998,uint8
203,Automobile,Audi,R8,225,90,180,Yes,Black,White,Automobile_Audi_R8_X225_Y90_Z180_Yes_Black_White.png,"(540, 960, 3)",51892,uint8
204,Automobile,Audi,R8,225,90,225,Yes,Black,White,Automobile_Audi_R8_X225_Y90_Z225_Yes_Black_White.png,"(540, 960, 3)",36992,uint8
205,Automobile,Audi,R8,225,90,270,Yes,Black,White,Automobile_Audi_R8_X225_Y90_Z270_Yes_Black_White.png,"(540, 960, 3)",51553,uint8
206,Automobile,Audi,R8,225,90,315,Yes,Black,White,Automobile_Audi_R8_X225_Y90_Z315_Yes_Black_White.png,"(540, 960, 3)",41550,uint8
207,Automobile,Audi,R8,225,90,360,Yes,Black,White,Automobile_Audi_R8_X225_Y90_Z360_Yes_Black_White.png,"(540, 960, 3)",50068,uint8
208,Automobile,Audi,R8,225,90,90,Yes,Black,White,Automobile_Audi_R8_X225_Y90_Z90_Yes_Black_White.png,"(540, 960, 3)",49347,uint8
209,Automobile,Audi,R8,270,0,0,Yes,Black,White,Automobile_Audi_R8_X270_Y0_Z0_Yes_Black_White.png,"(540, 960, 3)",23195,uint8
210,Automobile,Audi,R8,270,0,135,Yes,Black,White,Automobile_Audi_R8_X270_Y0_Z135_Yes_Black_White.png,"(540, 960, 3)",37890,uint8
211,Automobile,Audi,R8,270,0,180,Yes,Black,White,Automobile_Audi_R8_X270_Y0_Z180_Yes_Black_White.png,"(540, 960, 3)",30687,uint8
212,Automobile,Audi,R8,270,0,360,Yes,Black,White,Automobile_Audi_R8_X270_Y0_Z360_Yes_Black_White.png,"(540, 960, 3)",23195,uint8
213,Automobile,Audi,R8,270,0,45,Yes,Black,White,Automobile_Audi_R8_X270_Y0_Z45_Yes_Black_White.png,"(540, 960, 3)",38576,uint8
214,Automobile,Audi,R8,270,0,90,Yes,Black,White,Automobile_Audi_R8_X270_Y0_Z90_Yes_Black_White.png,"(540, 960, 3)",33506,uint8
215,Automobile,Audi,R8,270,135,0,Yes,Black,White,Automobile_Audi_R8_X270_Y135_Z0_Yes_Black_White.png,"(540, 960, 3)",42532,uint8
216,Automobile,Audi,R8,270,135,180,Yes,Black,White,Automobile_Audi_R8_X270_Y135_Z180_Yes_Black_White.png,"(540, 960, 3)",40494,uint8
217,Automobile,Audi,R8,270,135,225,Yes,Black,White,Automobile_Audi_R8_X270_Y135_Z225_Yes_Black_White.png,"(540, 960, 3)",53246,uint8
218,Automobile,Audi,R8,270,135,270,Yes,Black,White,Automobile_Audi_R8_X270_Y135_Z270_Yes_Black_White.png,"(540, 960, 3)",42929,uint8
219,Automobile,Audi,R8,270,135,315,Yes,Black,White,Automobile_Audi_R8_X270_Y135_Z315_Yes_Black_White.png,"(540, 960, 3)",49939,uint8
220,Automobile,Audi,R8,270,135,360,Yes,Black,White,Automobile_Audi_R8_X270_Y135_Z360_Yes_Black_White.png,"(540, 960, 3)",42532,uint8
221,Automobile,Audi,R8,270,180,0,Yes,Black,White,Automobile_Audi_R8_X270_Y180_Z0_Yes_Black_White.png,"(540, 960, 3)",28747,uint8
222,Automobile,Audi,R8,270,180,180,Yes,Black,White,Automobile_Audi_R8_X270_Y180_Z180_Yes_Black_White.png,"(540, 960, 3)",24390,uint8
223,Automobile,Audi,R8,270,180,225,Yes,Black,White,Automobile_Audi_R8_X270_Y180_Z225_Yes_Black_White.png,"(540, 960, 3)",37838,uint8
224,Automobile,Audi,R8,270,180,270,Yes,Black,White,Automobile_Audi_R8_X270_Y180_Z270_Yes_Black_White.png,"(540, 960, 3)",33546,uint8
225,Automobile,Audi,R8,270,180,315,Yes,Black,White,Automobile_Audi_R8_X270_Y180_Z315_Yes_Black_White.png,"(540, 960, 3)",38220,uint8
226,Automobile,Audi,R8,270,180,360,Yes,Black,White,Automobile_Audi_R8_X270_Y180_Z360_Yes_Black_White.png,"(540, 960, 3)",28747,uint8
227,Automobile,Audi,R8,270,225,0,Yes,Black,White,Automobile_Audi_R8_X270_Y225_Z0_Yes_Black_White.png,"(540, 960, 3)",43236,uint8
228,Automobile,Audi,R8,270,225,180,Yes,Black,White,Automobile_Audi_R8_X270_Y225_Z180_Yes_Black_White.png,"(540, 960, 3)",41831,uint8
229,Automobile,Audi,R8,270,225,225,Yes,Black,White,Automobile_Audi_R8_X270_Y225_Z225_Yes_Black_White.png,"(540, 960, 3)",53661,uint8
230,Automobile,Audi,R8,270,225,270,Yes,Black,White,Automobile_Audi_R8_X270_Y225_Z270_Yes_Black_White.png,"(540, 960, 3)",44940,uint8
231,Automobile,Audi,R8,270,225,315,Yes,Black,White,Automobile_Audi_R8_X270_Y225_Z315_Yes_Black_White.png,"(540, 960, 3)",55374,uint8
232,Automobile,Audi,R8,270,225,360,Yes,Black,White,Automobile_Audi_R8_X270_Y225_Z360_Yes_Black_White.png,"(540, 960, 3)",43236,uint8
233,Automobile,Audi,R8,270,270,0,Yes,Black,White,Automobile_Audi_R8_X270_Y270_Z0_Yes_Black_White.png,"(540, 960, 3)",41160,uint8
234,Automobile,Audi,R8,270,270,135,Yes,Black,White,Automobile_Audi_R8_X270_Y270_Z135_Yes_Black_White.png,"(540, 960, 3)",52716,uint8
235,Automobile,Audi,R8,270,270,180,Yes,Black,White,Automobile_Audi_R8_X270_Y270_Z180_Yes_Black_White.png,"(540, 960, 3)",42911,uint8
236,Automobile,Audi,R8,270,270,225,Yes,Black,White,Automobile_Audi_R8_X270_Y270_Z225_Yes_Black_White.png,"(540, 960, 3)",48624,uint8
237,Automobile,Audi,R8,270,270,315,Yes,Black,White,Automobile_Audi_R8_X270_Y270_Z315_Yes_Black_White.png,"(540, 960, 3)",50269,uint8
238,Automobile,Audi,R8,270,270,360,Yes,Black,White,Automobile_Audi_R8_X270_Y270_Z360_Yes_Black_White.png,"(540, 960, 3)",41160,uint8
239,Automobile,Audi,R8,270,270,45,Yes,Black,White,Automobile_Audi_R8_X270_Y270_Z45_Yes_Black_White.png,"(540, 960, 3)",50265,uint8
240,Automobile,Audi,R8,270,270,90,Yes,Black,White,Automobile_Audi_R8_X270_Y270_Z90_Yes_Black_White.png,"(540, 960, 3)",37053,uint8
241,Automobile,Audi,R8,270,315,0,Yes,Black,White,Automobile_Audi_R8_X270_Y315_Z0_Yes_Black_White.png,"(540, 960, 3)",38916,uint8
242,Automobile,Audi,R8,270,315,135,Yes,Black,White,Automobile_Audi_R8_X270_Y315_Z135_Yes_Black_White.png,"(540, 960, 3)",51873,uint8
243,Automobile,Audi,R8,270,315,180,Yes,Black,White,Automobile_Audi_R8_X270_Y315_Z180_Yes_Black_White.png,"(540, 960, 3)",43517,uint8
244,Automobile,Audi,R8,270,315,360,Yes,Black,White,Automobile_Audi_R8_X270_Y315_Z360_Yes_Black_White.png,"(540, 960, 3)",38916,uint8
245,Automobile,Audi,R8,270,315,45,Yes,Black,White,Automobile_Audi_R8_X270_Y315_Z45_Yes_Black_White.png,"(540, 960, 3)",51335,uint8
246,Automobile,Audi,R8,270,315,90,Yes,Black,White,Automobile_Audi_R8_X270_Y315_Z90_Yes_Black_White.png,"(540, 960, 3)",43146,uint8
247,Automobile,Audi,R8,270,360,0,Yes,Black,White,Automobile_Audi_R8_X270_Y360_Z0_Yes_Black_White.png,"(540, 960, 3)",23195,uint8
248,Automobile,Audi,R8,270,360,135,Yes,Black,White,Automobile_Audi_R8_X270_Y360_Z135_Yes_Black_White.png,"(540, 960, 3)",37890,uint8
249,Automobile,Audi,R8,270,360,180,Yes,Black,White,Automobile_Audi_R8_X270_Y360_Z180_Yes_Black_White.png,"(540, 960, 3)",30687,uint8
250,Automobile,Audi,R8,270,360,360,Yes,Black,White,Automobile_Audi_R8_X270_Y360_Z360_Yes_Black_White.png,"(540, 960, 3)",23195,uint8
251,Automobile,Audi,R8,270,360,45,Yes,Black,White,Automobile_Audi_R8_X270_Y360_Z45_Yes_Black_White.png,"(540, 960, 3)",38576,uint8
252,Automobile,Audi,R8,270,360,90,Yes,Black,White,Automobile_Audi_R8_X270_Y360_Z90_Yes_Black_White.png,"(540, 960, 3)",33506,uint8
253,Automobile,Audi,R8,270,45,0,Yes,Black,White,Automobile_Audi_R8_X270_Y45_Z0_Yes_Black_White.png,"(540, 960, 3)",40456,uint8
254,Automobile,Audi,R8,270,45,135,Yes,Black,White,Automobile_Audi_R8_X270_Y45_Z135_Yes_Black_White.png,"(540, 960, 3)",52093,uint8
255,Automobile,Audi,R8,270,45,180,Yes,Black,White,Automobile_Audi_R8_X270_Y45_Z180_Yes_Black_White.png,"(540, 960, 3)",44903,uint8
256,Automobile,Audi,R8,270,45,360,Yes,Black,White,Automobile_Audi_R8_X270_Y45_Z360_Yes_Black_White.png,"(540, 960, 3)",40456,uint8
257,Automobile,Audi,R8,270,45,45,Yes,Black,White,Automobile_Audi_R8_X270_Y45_Z45_Yes_Black_White.png,"(540, 960, 3)",55973,uint8
258,Automobile,Audi,R8,270,45,90,Yes,Black,White,Automobile_Audi_R8_X270_Y45_Z90_Yes_Black_White.png,"(540, 960, 3)",44524,uint8
259,Automobile,Audi,R8,270,90,0,Yes,Black,White,Automobile_Audi_R8_X270_Y90_Z0_Yes_Black_White.png,"(540, 960, 3)",41550,uint8
260,Automobile,Audi,R8,270,90,135,Yes,Black,White,Automobile_Audi_R8_X270_Y90_Z135_Yes_Black_White.png,"(540, 960, 3)",49347,uint8
261,Automobile,Audi,R8,270,90,180,Yes,Black,White,Automobile_Audi_R8_X270_Y90_Z180_Yes_Black_White.png,"(540, 960, 3)",42998,uint8
262,Automobile,Audi,R8,270,90,225,Yes,Black,White,Automobile_Audi_R8_X270_Y90_Z225_Yes_Black_White.png,"(540, 960, 3)",51892,uint8
263,Automobile,Audi,R8,270,90,270,Yes,Black,White,Automobile_Audi_R8_X270_Y90_Z270_Yes_Black_White.png,"(540, 960, 3)",36992,uint8
264,Automobile,Audi,R8,270,90,315,Yes,Black,White,Automobile_Audi_R8_X270_Y90_Z315_Yes_Black_White.png,"(540, 960, 3)",51553,uint8
265,Automobile,Audi,R8,270,90,360,Yes,Black,White,Automobile_Audi_R8_X270_Y90_Z360_Yes_Black_White.png,"(540, 960, 3)",41550,uint8
266,Automobile,Audi,R8,270,90,45,Yes,Black,White,Automobile_Audi_R8_X270_Y90_Z45_Yes_Black_White.png,"(540, 960, 3)",50068,uint8
267,Automobile,Audi,R8,315,0,0,Yes,Black,White,Automobile_Audi_R8_X315_Y0_Z0_Yes_Black_White.png,"(540, 960, 3)",32020,uint8
268,Automobile,Audi,R8,315,0,135,Yes,Black,White,Automobile_Audi_R8_X315_Y0_Z135_Yes_Black_White.png,"(540, 960, 3)",49062,uint8
269,Automobile,Audi,R8,315,0,180,Yes,Black,White,Automobile_Audi_R8_X315_Y0_Z180_Yes_Black_White.png,"(540, 960, 3)",39234,uint8
270,Automobile,Audi,R8,315,0,360,Yes,Black,White,Automobile_Audi_R8_X315_Y0_Z360_Yes_Black_White.png,"(540, 960, 3)",32020,uint8
271,Automobile,Audi,R8,315,0,45,Yes,Black,White,Automobile_Audi_R8_X315_Y0_Z45_Yes_Black_White.png,"(540, 960, 3)",48979,uint8
272,Automobile,Audi,R8,315,0,90,Yes,Black,White,Automobile_Audi_R8_X315_Y0_Z90_Yes_Black_White.png,"(540, 960, 3)",50003,uint8
273,Automobile,Audi,R8,315,135,0,Yes,Black,White,Automobile_Audi_R8_X315_Y135_Z0_Yes_Black_White.png,"(540, 960, 3)",51132,uint8
274,Automobile,Audi,R8,315,135,180,Yes,Black,White,Automobile_Audi_R8_X315_Y135_Z180_Yes_Black_White.png,"(540, 960, 3)",47658,uint8
275,Automobile,Audi,R8,315,135,225,Yes,Black,White,Automobile_Audi_R8_X315_Y135_Z225_Yes_Black_White.png,"(540, 960, 3)",51381,uint8
276,Automobile,Audi,R8,315,135,270,Yes,Black,White,Automobile_Audi_R8_X315_Y135_Z270_Yes_Black_White.png,"(540, 960, 3)",56642,uint8
277,Automobile,Audi,R8,315,135,315,Yes,Black,White,Automobile_Audi_R8_X315_Y135_Z315_Yes_Black_White.png,"(540, 960, 3)",47183,uint8
278,Automobile,Audi,R8,315,135,360,Yes,Black,White,Automobile_Audi_R8_X315_Y135_Z360_Yes_Black_White.png,"(540, 960, 3)",51132,uint8
279,Automobile,Audi,R8,315,180,0,Yes,Black,White,Automobile_Audi_R8_X315_Y180_Z0_Yes_Black_White.png,"(540, 960, 3)",40471,uint8
280,Automobile,Audi,R8,315,180,180,Yes,Black,White,Automobile_Audi_R8_X315_Y180_Z180_Yes_Black_White.png,"(540, 960, 3)",33481,uint8
281,Automobile,Audi,R8,315,180,225,Yes,Black,White,Automobile_Audi_R8_X315_Y180_Z225_Yes_Black_White.png,"(540, 960, 3)",48411,uint8
282,Automobile,Audi,R8,315,180,270,Yes,Black,White,Automobile_Audi_R8_X315_Y180_Z270_Yes_Black_White.png,"(540, 960, 3)",49086,uint8
283,Automobile,Audi,R8,315,180,315,Yes,Black,White,Automobile_Audi_R8_X315_Y180_Z315_Yes_Black_White.png,"(540, 960, 3)",49777,uint8
284,Automobile,Audi,R8,315,180,360,Yes,Black,White,Automobile_Audi_R8_X315_Y180_Z360_Yes_Black_White.png,"(540, 960, 3)",40471,uint8
285,Automobile,Audi,R8,315,225,0,Yes,Black,White,Automobile_Audi_R8_X315_Y225_Z0_Yes_Black_White.png,"(540, 960, 3)",52064,uint8
286,Automobile,Audi,R8,315,225,180,Yes,Black,White,Automobile_Audi_R8_X315_Y225_Z180_Yes_Black_White.png,"(540, 960, 3)",48235,uint8
287,Automobile,Audi,R8,315,225,225,Yes,Black,White,Automobile_Audi_R8_X315_Y225_Z225_Yes_Black_White.png,"(540, 960, 3)",48018,uint8
288,Automobile,Audi,R8,315,225,270,Yes,Black,White,Automobile_Audi_R8_X315_Y225_Z270_Yes_Black_White.png,"(540, 960, 3)",57852,uint8
289,Automobile,Audi,R8,315,225,315,Yes,Black,White,Automobile_Audi_R8_X315_Y225_Z315_Yes_Black_White.png,"(540, 960, 3)",51031,uint8
290,Automobile,Audi,R8,315,225,360,Yes,Black,White,Automobile_Audi_R8_X315_Y225_Z360_Yes_Black_White.png,"(540, 960, 3)",52064,uint8
291,Automobile,Audi,R8,315,270,0,Yes,Black,White,Automobile_Audi_R8_X315_Y270_Z0_Yes_Black_White.png,"(540, 960, 3)",50265,uint8
292,Automobile,Audi,R8,315,270,135,Yes,Black,White,Automobile_Audi_R8_X315_Y270_Z135_Yes_Black_White.png,"(540, 960, 3)",42911,uint8
293,Automobile,Audi,R8,315,270,180,Yes,Black,White,Automobile_Audi_R8_X315_Y270_Z180_Yes_Black_White.png,"(540, 960, 3)",48624,uint8
294,Automobile,Audi,R8,315,270,270,Yes,Black,White,Automobile_Audi_R8_X315_Y270_Z270_Yes_Black_White.png,"(540, 960, 3)",50269,uint8
295,Automobile,Audi,R8,315,270,315,Yes,Black,White,Automobile_Audi_R8_X315_Y270_Z315_Yes_Black_White.png,"(540, 960, 3)",41160,uint8
296,Automobile,Audi,R8,315,270,360,Yes,Black,White,Automobile_Audi_R8_X315_Y270_Z360_Yes_Black_White.png,"(540, 960, 3)",50265,uint8
297,Automobile,Audi,R8,315,270,45,Yes,Black,White,Automobile_Audi_R8_X315_Y270_Z45_Yes_Black_White.png,"(540, 960, 3)",37053,uint8
298,Automobile,Audi,R8,315,270,90,Yes,Black,White,Automobile_Audi_R8_X315_Y270_Z90_Yes_Black_White.png,"(540, 960, 3)",52716,uint8
299,Automobile,Audi,R8,315,315,0,Yes,Black,White,Automobile_Audi_R8_X315_Y315_Z0_Yes_Black_White.png,"(540, 960, 3)",46610,uint8
300,Automobile,Audi,R8,315,315,135,Yes,Black,White,Automobile_Audi_R8_X315_Y315_Z135_Yes_Black_White.png,"(540, 960, 3)",50420,uint8
301,Automobile,Audi,R8,315,315,180,Yes,Black,White,Automobile_Audi_R8_X315_Y315_Z180_Yes_Black_White.png,"(540, 960, 3)",49683,uint8
302,Automobile,Audi,R8,315,315,360,Yes,Black,White,Automobile_Audi_R8_X315_Y315_Z360_Yes_Black_White.png,"(540, 960, 3)",46610,uint8
303,Automobile,Audi,R8,315,315,45,Yes,Black,White,Automobile_Audi_R8_X315_Y315_Z45_Yes_Black_White.png,"(540, 960, 3)",46730,uint8
304,Automobile,Audi,R8,315,315,90,Yes,Black,White,Automobile_Audi_R8_X315_Y315_Z90_Yes_Black_White.png,"(540, 960, 3)",56075,uint8
305,Automobile,Audi,R8,315,360,0,Yes,Black,White,Automobile_Audi_R8_X315_Y360_Z0_Yes_Black_White.png,"(540, 960, 3)",32020,uint8
306,Automobile,Audi,R8,315,360,135,Yes,Black,White,Automobile_Audi_R8_X315_Y360_Z135_Yes_Black_White.png,"(540, 960, 3)",49062,uint8
307,Automobile,Audi,R8,315,360,180,Yes,Black,White,Automobile_Audi_R8_X315_Y360_Z180_Yes_Black_White.png,"(540, 960, 3)",39234,uint8
308,Automobile,Audi,R8,315,360,360,Yes,Black,White,Automobile_Audi_R8_X315_Y360_Z360_Yes_Black_White.png,"(540, 960, 3)",32020,uint8
309,Automobile,Audi,R8,315,360,45,Yes,Black,White,Automobile_Audi_R8_X315_Y360_Z45_Yes_Black_White.png,"(540, 960, 3)",48979,uint8
310,Automobile,Audi,R8,315,360,90,Yes,Black,White,Automobile_Audi_R8_X315_Y360_Z90_Yes_Black_White.png,"(540, 960, 3)",50003,uint8
311,Automobile,Audi,R8,315,45,0,Yes,Black,White,Automobile_Audi_R8_X315_Y45_Z0_Yes_Black_White.png,"(540, 960, 3)",49674,uint8
312,Automobile,Audi,R8,315,45,135,Yes,Black,White,Automobile_Audi_R8_X315_Y45_Z135_Yes_Black_White.png,"(540, 960, 3)",47735,uint8
313,Automobile,Audi,R8,315,45,180,Yes,Black,White,Automobile_Audi_R8_X315_Y45_Z180_Yes_Black_White.png,"(540, 960, 3)",50219,uint8
314,Automobile,Audi,R8,315,45,360,Yes,Black,White,Automobile_Audi_R8_X315_Y45_Z360_Yes_Black_White.png,"(540, 960, 3)",49674,uint8
315,Automobile,Audi,R8,315,45,45,Yes,Black,White,Automobile_Audi_R8_X315_Y45_Z45_Yes_Black_White.png,"(540, 960, 3)",51192,uint8
316,Automobile,Audi,R8,315,45,90,Yes,Black,White,Automobile_Audi_R8_X315_Y45_Z90_Yes_Black_White.png,"(540, 960, 3)",57979,uint8
317,Automobile,Audi,R8,315,90,0,Yes,Black,White,Automobile_Audi_R8_X315_Y90_Z0_Yes_Black_White.png,"(540, 960, 3)",51553,uint8
318,Automobile,Audi,R8,315,90,180,Yes,Black,White,Automobile_Audi_R8_X315_Y90_Z180_Yes_Black_White.png,"(540, 960, 3)",49347,uint8
319,Automobile,Audi,R8,315,90,225,Yes,Black,White,Automobile_Audi_R8_X315_Y90_Z225_Yes_Black_White.png,"(540, 960, 3)",42998,uint8
320,Automobile,Audi,R8,315,90,270,Yes,Black,White,Automobile_Audi_R8_X315_Y90_Z270_Yes_Black_White.png,"(540, 960, 3)",51892,uint8
321,Automobile,Audi,R8,315,90,315,Yes,Black,White,Automobile_Audi_R8_X315_Y90_Z315_Yes_Black_White.png,"(540, 960, 3)",36992,uint8
322,Automobile,Audi,R8,315,90,360,Yes,Black,White,Automobile_Audi_R8_X315_Y90_Z360_Yes_Black_White.png,"(540, 960, 3)",51553,uint8
323,Automobile,Audi,R8,315,90,45,Yes,Black,White,Automobile_Audi_R8_X315_Y90_Z45_Yes_Black_White.png,"(540, 960, 3)",41550,uint8
324,Automobile,Audi,R8,315,90,90,Yes,Black,White,Automobile_Audi_R8_X315_Y90_Z90_Yes_Black_White.png,"(540, 960, 3)",50068,uint8
325,Automobile,Audi,R8,360,0,0,Yes,Black,White,Automobile_Audi_R8_X360_Y0_Z0_Yes_Black_White.png,"(540, 960, 3)",21088,uint8
326,Automobile,Audi,R8,360,0,135,Yes,Black,White,Automobile_Audi_R8_X360_Y0_Z135_Yes_Black_White.png,"(540, 960, 3)",36827,uint8
327,Automobile,Audi,R8,360,0,360,Yes,Black,White,Automobile_Audi_R8_X360_Y0_Z360_Yes_Black_White.png,"(540, 960, 3)",21088,uint8
328,Automobile,Audi,R8,360,0,45,Yes,Black,White,Automobile_Audi_R8_X360_Y0_Z45_Yes_Black_White.png,"(540, 960, 3)",38681,uint8
329,Automobile,Audi,R8,360,0,90,Yes,Black,White,Automobile_Audi_R8_X360_Y0_Z90_Yes_Black_White.png,"(540, 960, 3)",35450,uint8
330,Automobile,Audi,R8,360,135,0,Yes,Black,White,Automobile_Audi_R8_X360_Y135_Z0_Yes_Black_White.png,"(540, 960, 3)",38203,uint8
331,Automobile,Audi,R8,360,135,225,Yes,Black,White,Automobile_Audi_R8_X360_Y135_Z225_Yes_Black_White.png,"(540, 960, 3)",53073,uint8
332,Automobile,Audi,R8,360,135,270,Yes,Black,White,Automobile_Audi_R8_X360_Y135_Z270_Yes_Black_White.png,"(540, 960, 3)",46954,uint8
333,Automobile,Audi,R8,360,135,315,Yes,Black,White,Automobile_Audi_R8_X360_Y135_Z315_Yes_Black_White.png,"(540, 960, 3)",52482,uint8
334,Automobile,Audi,R8,360,135,360,Yes,Black,White,Automobile_Audi_R8_X360_Y135_Z360_Yes_Black_White.png,"(540, 960, 3)",38203,uint8
335,Automobile,Audi,R8,360,180,0,Yes,Black,White,Automobile_Audi_R8_X360_Y180_Z0_Yes_Black_White.png,"(540, 960, 3)",26428,uint8
336,Automobile,Audi,R8,360,180,225,Yes,Black,White,Automobile_Audi_R8_X360_Y180_Z225_Yes_Black_White.png,"(540, 960, 3)",38349,uint8
337,Automobile,Audi,R8,360,180,270,Yes,Black,White,Automobile_Audi_R8_X360_Y180_Z270_Yes_Black_White.png,"(540, 960, 3)",34167,uint8
338,Automobile,Audi,R8,360,180,315,Yes,Black,White,Automobile_Audi_R8_X360_Y180_Z315_Yes_Black_White.png,"(540, 960, 3)",38236,uint8
339,Automobile,Audi,R8,360,180,360,Yes,Black,White,Automobile_Audi_R8_X360_Y180_Z360_Yes_Black_White.png,"(540, 960, 3)",26428,uint8
340,Automobile,Audi,R8,360,225,0,Yes,Black,White,Automobile_Audi_R8_X360_Y225_Z0_Yes_Black_White.png,"(540, 960, 3)",38724,uint8
341,Automobile,Audi,R8,360,225,225,Yes,Black,White,Automobile_Audi_R8_X360_Y225_Z225_Yes_Black_White.png,"(540, 960, 3)",54901,uint8
342,Automobile,Audi,R8,360,225,270,Yes,Black,White,Automobile_Audi_R8_X360_Y225_Z270_Yes_Black_White.png,"(540, 960, 3)",46568,uint8
343,Automobile,Audi,R8,360,225,315,Yes,Black,White,Automobile_Audi_R8_X360_Y225_Z315_Yes_Black_White.png,"(540, 960, 3)",51520,uint8
344,Automobile,Audi,R8,360,225,360,Yes,Black,White,Automobile_Audi_R8_X360_Y225_Z360_Yes_Black_White.png,"(540, 960, 3)",38724,uint8
345,Automobile,Audi,R8,360,270,0,Yes,Black,White,Automobile_Audi_R8_X360_Y270_Z0_Yes_Black_White.png,"(540, 960, 3)",37053,uint8
346,Automobile,Audi,R8,360,270,135,Yes,Black,White,Automobile_Audi_R8_X360_Y270_Z135_Yes_Black_White.png,"(540, 960, 3)",48624,uint8
347,Automobile,Audi,R8,360,270,225,Yes,Black,White,Automobile_Audi_R8_X360_Y270_Z225_Yes_Black_White.png,"(540, 960, 3)",50269,uint8
348,Automobile,Audi,R8,360,270,270,Yes,Black,White,Automobile_Audi_R8_X360_Y270_Z270_Yes_Black_White.png,"(540, 960, 3)",41160,uint8
349,Automobile,Audi,R8,360,270,315,Yes,Black,White,Automobile_Audi_R8_X360_Y270_Z315_Yes_Black_White.png,"(540, 960, 3)",50265,uint8
350,Automobile,Audi,R8,360,270,360,Yes,Black,White,Automobile_Audi_R8_X360_Y270_Z360_Yes_Black_White.png,"(540, 960, 3)",37053,uint8
351,Automobile,Audi,R8,360,270,45,Yes,Black,White,Automobile_Audi_R8_X360_Y270_Z45_Yes_Black_White.png,"(540, 960, 3)",52716,uint8
352,Automobile,Audi,R8,360,270,90,Yes,Black,White,Automobile_Audi_R8_X360_Y270_Z90_Yes_Black_White.png,"(540, 960, 3)",42911,uint8
353,Automobile,Audi,R8,360,315,0,Yes,Black,White,Automobile_Audi_R8_X360_Y315_Z0_Yes_Black_White.png,"(540, 960, 3)",35042,uint8
354,Automobile,Audi,R8,360,315,135,Yes,Black,White,Automobile_Audi_R8_X360_Y315_Z135_Yes_Black_White.png,"(540, 960, 3)",50915,uint8
355,Automobile,Audi,R8,360,315,360,Yes,Black,White,Automobile_Audi_R8_X360_Y315_Z360_Yes_Black_White.png,"(540, 960, 3)",35042,uint8
356,Automobile,Audi,R8,360,315,45,Yes,Black,White,Automobile_Audi_R8_X360_Y315_Z45_Yes_Black_White.png,"(540, 960, 3)",54175,uint8
357,Automobile,Audi,R8,360,315,90,Yes,Black,White,Automobile_Audi_R8_X360_Y315_Z90_Yes_Black_White.png,"(540, 960, 3)",47209,uint8
358,Automobile,Audi,R8,360,360,0,Yes,Black,White,Automobile_Audi_R8_X360_Y360_Z0_Yes_Black_White.png,"(540, 960, 3)",21088,uint8
359,Automobile,Audi,R8,360,360,135,Yes,Black,White,Automobile_Audi_R8_X360_Y360_Z135_Yes_Black_White.png,"(540, 960, 3)",36827,uint8
360,Automobile,Audi,R8,360,360,360,Yes,Black,White,Automobile_Audi_R8_X360_Y360_Z360_Yes_Black_White.png,"(540, 960, 3)",21088,uint8
361,Automobile,Audi,R8,360,360,45,Yes,Black,White,Automobile_Audi_R8_X360_Y360_Z45_Yes_Black_White.png,"(540, 960, 3)",38681,uint8
362,Automobile,Audi,R8,360,360,90,Yes,Black,White,Automobile_Audi_R8_X360_Y360_Z90_Yes_Black_White.png,"(540, 960, 3)",35450,uint8
363,Automobile,Audi,R8,360,45,0,Yes,Black,White,Automobile_Audi_R8_X360_Y45_Z0_Yes_Black_White.png,"(540, 960, 3)",34928,uint8
364,Automobile,Audi,R8,360,45,135,Yes,Black,White,Automobile_Audi_R8_X360_Y45_Z135_Yes_Black_White.png,"(540, 960, 3)",51879,uint8
365,Automobile,Audi,R8,360,45,360,Yes,Black,White,Automobile_Audi_R8_X360_Y45_Z360_Yes_Black_White.png,"(540, 960, 3)",34928,uint8
366,Automobile,Audi,R8,360,45,45,Yes,Black,White,Automobile_Audi_R8_X360_Y45_Z45_Yes_Black_White.png,"(540, 960, 3)",53205,uint8
367,Automobile,Audi,R8,360,45,90,Yes,Black,White,Automobile_Audi_R8_X360_Y45_Z90_Yes_Black_White.png,"(540, 960, 3)",46965,uint8
368,Automobile,Audi,R8,360,90,0,Yes,Black,White,Automobile_Audi_R8_X360_Y90_Z0_Yes_Black_White.png,"(540, 960, 3)",36992,uint8
369,Automobile,Audi,R8,360,90,135,Yes,Black,White,Automobile_Audi_R8_X360_Y90_Z135_Yes_Black_White.png,"(540, 960, 3)",50068,uint8
370,Automobile,Audi,R8,360,90,225,Yes,Black,White,Automobile_Audi_R8_X360_Y90_Z225_Yes_Black_White.png,"(540, 960, 3)",49347,uint8
371,Automobile,Audi,R8,360,90,270,Yes,Black,White,Automobile_Audi_R8_X360_Y90_Z270_Yes_Black_White.png,"(540, 960, 3)",42998,uint8
372,Automobile,Audi,R8,360,90,315,Yes,Black,White,Automobile_Audi_R8_X360_Y90_Z315_Yes_Black_White.png,"(540, 960, 3)",51892,uint8
373,Automobile,Audi,R8,360,90,360,Yes,Black,White,Automobile_Audi_R8_X360_Y90_Z360_Yes_Black_White.png,"(540, 960, 3)",36992,uint8
374,Automobile,Audi,R8,360,90,45,Yes,Black,White,Automobile_Audi_R8_X360_Y90_Z45_Yes_Black_White.png,"(540, 960, 3)",51553,uint8
375,Automobile,Audi,R8,360,90,90,Yes,Black,White,Automobile_Audi_R8_X360_Y90_Z90_Yes_Black_White.png,"(540, 960, 3)",41550,uint8
376,Automobile,Audi,R8,45,0,0,Yes,Black,White,Automobile_Audi_R8_X45_Y0_Z0_Yes_Black_White.png,"(540, 960, 3)",32264,uint8
377,Automobile,Audi,R8,45,0,135,Yes,Black,White,Automobile_Audi_R8_X45_Y0_Z135_Yes_Black_White.png,"(540, 960, 3)",48905,uint8
378,Automobile,Audi,R8,45,0,180,Yes,Black,White,Automobile_Audi_R8_X45_Y0_Z180_Yes_Black_White.png,"(540, 960, 3)",40500,uint8
379,Automobile,Audi,R8,45,0,360,Yes,Black,White,Automobile_Audi_R8_X45_Y0_Z360_Yes_Black_White.png,"(540, 960, 3)",32264,uint8
380,Automobile,Audi,R8,45,0,45,Yes,Black,White,Automobile_Audi_R8_X45_Y0_Z45_Yes_Black_White.png,"(540, 960, 3)",47986,uint8
381,Automobile,Audi,R8,45,0,90,Yes,Black,White,Automobile_Audi_R8_X45_Y0_Z90_Yes_Black_White.png,"(540, 960, 3)",49078,uint8
382,Automobile,Audi,R8,45,135,0,Yes,Black,White,Automobile_Audi_R8_X45_Y135_Z0_Yes_Black_White.png,"(540, 960, 3)",52786,uint8
383,Automobile,Audi,R8,45,135,180,Yes,Black,White,Automobile_Audi_R8_X45_Y135_Z180_Yes_Black_White.png,"(540, 960, 3)",48081,uint8
384,Automobile,Audi,R8,45,135,225,Yes,Black,White,Automobile_Audi_R8_X45_Y135_Z225_Yes_Black_White.png,"(540, 960, 3)",47170,uint8
385,Automobile,Audi,R8,45,135,270,Yes,Black,White,Automobile_Audi_R8_X45_Y135_Z270_Yes_Black_White.png,"(540, 960, 3)",55891,uint8
386,Automobile,Audi,R8,45,135,315,Yes,Black,White,Automobile_Audi_R8_X45_Y135_Z315_Yes_Black_White.png,"(540, 960, 3)",50662,uint8
387,Automobile,Audi,R8,45,135,360,Yes,Black,White,Automobile_Audi_R8_X45_Y135_Z360_Yes_Black_White.png,"(540, 960, 3)",52786,uint8
388,Automobile,Audi,R8,45,180,0,Yes,Black,White,Automobile_Audi_R8_X45_Y180_Z0_Yes_Black_White.png,"(540, 960, 3)",41198,uint8
389,Automobile,Audi,R8,45,180,180,Yes,Black,White,Automobile_Audi_R8_X45_Y180_Z180_Yes_Black_White.png,"(540, 960, 3)",33774,uint8
390,Automobile,Audi,R8,45,180,225,Yes,Black,White,Automobile_Audi_R8_X45_Y180_Z225_Yes_Black_White.png,"(540, 960, 3)",47667,uint8
391,Automobile,Audi,R8,45,180,270,Yes,Black,White,Automobile_Audi_R8_X45_Y180_Z270_Yes_Black_White.png,"(540, 960, 3)",47897,uint8
392,Automobile,Audi,R8,45,180,315,Yes,Black,White,Automobile_Audi_R8_X45_Y180_Z315_Yes_Black_White.png,"(540, 960, 3)",49697,uint8
393,Automobile,Audi,R8,45,180,360,Yes,Black,White,Automobile_Audi_R8_X45_Y180_Z360_Yes_Black_White.png,"(540, 960, 3)",41198,uint8
394,Automobile,Audi,R8,45,225,0,Yes,Black,White,Automobile_Audi_R8_X45_Y225_Z0_Yes_Black_White.png,"(540, 960, 3)",51847,uint8
395,Automobile,Audi,R8,45,225,180,Yes,Black,White,Automobile_Audi_R8_X45_Y225_Z180_Yes_Black_White.png,"(540, 960, 3)",47803,uint8
396,Automobile,Audi,R8,45,225,225,Yes,Black,White,Automobile_Audi_R8_X45_Y225_Z225_Yes_Black_White.png,"(540, 960, 3)",50771,uint8
397,Automobile,Audi,R8,45,225,270,Yes,Black,White,Automobile_Audi_R8_X45_Y225_Z270_Yes_Black_White.png,"(540, 960, 3)",55266,uint8
398,Automobile,Audi,R8,45,225,315,Yes,Black,White,Automobile_Audi_R8_X45_Y225_Z315_Yes_Black_White.png,"(540, 960, 3)",46722,uint8
399,Automobile,Audi,R8,45,225,360,Yes,Black,White,Automobile_Audi_R8_X45_Y225_Z360_Yes_Black_White.png,"(540, 960, 3)",51847,uint8
400,Automobile,Audi,R8,45,270,0,Yes,Black,White,Automobile_Audi_R8_X45_Y270_Z0_Yes_Black_White.png,"(540, 960, 3)",52716,uint8
401,Automobile,Audi,R8,45,270,180,Yes,Black,White,Automobile_Audi_R8_X45_Y270_Z180_Yes_Black_White.png,"(540, 960, 3)",50269,uint8
402,Automobile,Audi,R8,45,270,225,Yes,Black,White,Automobile_Audi_R8_X45_Y270_Z225_Yes_Black_White.png,"(540, 960, 3)",41160,uint8
403,Automobile,Audi,R8,45,270,270,Yes,Black,White,Automobile_Audi_R8_X45_Y270_Z270_Yes_Black_White.png,"(540, 960, 3)",50265,uint8
404,Automobile,Audi,R8,45,270,315,Yes,Black,White,Automobile_Audi_R8_X45_Y270_Z315_Yes_Black_White.png,"(540, 960, 3)",37053,uint8
405,Automobile,Audi,R8,45,270,360,Yes,Black,White,Automobile_Audi_R8_X45_Y270_Z360_Yes_Black_White.png,"(540, 960, 3)",52716,uint8
406,Automobile,Audi,R8,45,270,45,Yes,Black,White,Automobile_Audi_R8_X45_Y270_Z45_Yes_Black_White.png,"(540, 960, 3)",42911,uint8
407,Automobile,Audi,R8,45,270,90,Yes,Black,White,Automobile_Audi_R8_X45_Y270_Z90_Yes_Black_White.png,"(540, 960, 3)",48624,uint8
408,Automobile,Audi,R8,45,315,0,Yes,Black,White,Automobile_Audi_R8_X45_Y315_Z0_Yes_Black_White.png,"(540, 960, 3)",49795,uint8
409,Automobile,Audi,R8,45,315,135,Yes,Black,White,Automobile_Audi_R8_X45_Y315_Z135_Yes_Black_White.png,"(540, 960, 3)",47887,uint8
410,Automobile,Audi,R8,45,315,180,Yes,Black,White,Automobile_Audi_R8_X45_Y315_Z180_Yes_Black_White.png,"(540, 960, 3)",50190,uint8
411,Automobile,Audi,R8,45,315,360,Yes,Black,White,Automobile_Audi_R8_X45_Y315_Z360_Yes_Black_White.png,"(540, 960, 3)",49795,uint8
412,Automobile,Audi,R8,45,315,45,Yes,Black,White,Automobile_Audi_R8_X45_Y315_Z45_Yes_Black_White.png,"(540, 960, 3)",50501,uint8
413,Automobile,Audi,R8,45,315,90,Yes,Black,White,Automobile_Audi_R8_X45_Y315_Z90_Yes_Black_White.png,"(540, 960, 3)",55595,uint8
414,Automobile,Audi,R8,45,360,0,Yes,Black,White,Automobile_Audi_R8_X45_Y360_Z0_Yes_Black_White.png,"(540, 960, 3)",32264,uint8
415,Automobile,Audi,R8,45,360,135,Yes,Black,White,Automobile_Audi_R8_X45_Y360_Z135_Yes_Black_White.png,"(540, 960, 3)",48905,uint8
416,Automobile,Audi,R8,45,360,180,Yes,Black,White,Automobile_Audi_R8_X45_Y360_Z180_Yes_Black_White.png,"(540, 960, 3)",40500,uint8
417,Automobile,Audi,R8,45,360,360,Yes,Black,White,Automobile_Audi_R8_X45_Y360_Z360_Yes_Black_White.png,"(540, 960, 3)",32264,uint8
418,Automobile,Audi,R8,45,360,45,Yes,Black,White,Automobile_Audi_R8_X45_Y360_Z45_Yes_Black_White.png,"(540, 960, 3)",47986,uint8
419,Automobile,Audi,R8,45,360,90,Yes,Black,White,Automobile_Audi_R8_X45_Y360_Z90_Yes_Black_White.png,"(540, 960, 3)",49078,uint8
420,Automobile,Audi,R8,45,45,0,Yes,Black,White,Automobile_Audi_R8_X45_Y45_Z0_Yes_Black_White.png,"(540, 960, 3)",47977,uint8
421,Automobile,Audi,R8,45,45,135,Yes,Black,White,Automobile_Audi_R8_X45_Y45_Z135_Yes_Black_White.png,"(540, 960, 3)",50373,uint8
422,Automobile,Audi,R8,45,45,180,Yes,Black,White,Automobile_Audi_R8_X45_Y45_Z180_Yes_Black_White.png,"(540, 960, 3)",50196,uint8
423,Automobile,Audi,R8,45,45,360,Yes,Black,White,Automobile_Audi_R8_X45_Y45_Z360_Yes_Black_White.png,"(540, 960, 3)",47977,uint8
424,Automobile,Audi,R8,45,45,45,Yes,Black,White,Automobile_Audi_R8_X45_Y45_Z45_Yes_Black_White.png,"(540, 960, 3)",45775,uint8
425,Automobile,Audi,R8,45,45,90,Yes,Black,White,Automobile_Audi_R8_X45_Y45_Z90_Yes_Black_White.png,"(540, 960, 3)",55024,uint8
426,Automobile,Audi,R8,45,90,0,Yes,Black,White,Automobile_Audi_R8_X45_Y90_Z0_Yes_Black_White.png,"(540, 960, 3)",51892,uint8
427,Automobile,Audi,R8,45,90,135,Yes,Black,White,Automobile_Audi_R8_X45_Y90_Z135_Yes_Black_White.png,"(540, 960, 3)",41550,uint8
428,Automobile,Audi,R8,45,90,180,Yes,Black,White,Automobile_Audi_R8_X45_Y90_Z180_Yes_Black_White.png,"(540, 960, 3)",50068,uint8
429,Automobile,Audi,R8,45,90,270,Yes,Black,White,Automobile_Audi_R8_X45_Y90_Z270_Yes_Black_White.png,"(540, 960, 3)",49347,uint8
430,Automobile,Audi,R8,45,90,315,Yes,Black,White,Automobile_Audi_R8_X45_Y90_Z315_Yes_Black_White.png,"(540, 960, 3)",42998,uint8
431,Automobile,Audi,R8,45,90,360,Yes,Black,White,Automobile_Audi_R8_X45_Y90_Z360_Yes_Black_White.png,"(540, 960, 3)",51892,uint8
432,Automobile,Audi,R8,45,90,45,Yes,Black,White,Automobile_Audi_R8_X45_Y90_Z45_Yes_Black_White.png,"(540, 960, 3)",36992,uint8
433,Automobile,Audi,R8,45,90,90,Yes,Black,White,Automobile_Audi_R8_X45_Y90_Z90_Yes_Black_White.png,"(540, 960, 3)",51553,uint8
434,Automobile,Audi,R8,90,0,0,Yes,Black,White,Automobile_Audi_R8_X90_Y0_Z0_Yes_Black_White.png,"(540, 960, 3)",24390,uint8
435,Automobile,Audi,R8,90,0,135,Yes,Black,White,Automobile_Audi_R8_X90_Y0_Z135_Yes_Black_White.png,"(540, 960, 3)",38220,uint8
436,Automobile,Audi,R8,90,0,180,Yes,Black,White,Automobile_Audi_R8_X90_Y0_Z180_Yes_Black_White.png,"(540, 960, 3)",28747,uint8
437,Automobile,Audi,R8,90,0,360,Yes,Black,White,Automobile_Audi_R8_X90_Y0_Z360_Yes_Black_White.png,"(540, 960, 3)",24390,uint8
438,Automobile,Audi,R8,90,0,45,Yes,Black,White,Automobile_Audi_R8_X90_Y0_Z45_Yes_Black_White.png,"(540, 960, 3)",37838,uint8
439,Automobile,Audi,R8,90,0,90,Yes,Black,White,Automobile_Audi_R8_X90_Y0_Z90_Yes_Black_White.png,"(540, 960, 3)",33546,uint8
440,Automobile,Audi,R8,90,135,0,Yes,Black,White,Automobile_Audi_R8_X90_Y135_Z0_Yes_Black_White.png,"(540, 960, 3)",44903,uint8
441,Automobile,Audi,R8,90,135,180,Yes,Black,White,Automobile_Audi_R8_X90_Y135_Z180_Yes_Black_White.png,"(540, 960, 3)",40456,uint8
442,Automobile,Audi,R8,90,135,225,Yes,Black,White,Automobile_Audi_R8_X90_Y135_Z225_Yes_Black_White.png,"(540, 960, 3)",55973,uint8
443,Automobile,Audi,R8,90,135,270,Yes,Black,White,Automobile_Audi_R8_X90_Y135_Z270_Yes_Black_White.png,"(540, 960, 3)",44524,uint8
444,Automobile,Audi,R8,90,135,315,Yes,Black,White,Automobile_Audi_R8_X90_Y135_Z315_Yes_Black_White.png,"(540, 960, 3)",52093,uint8
445,Automobile,Audi,R8,90,135,360,Yes,Black,White,Automobile_Audi_R8_X90_Y135_Z360_Yes_Black_White.png,"(540, 960, 3)",44903,uint8
446,Automobile,Audi,R8,90,180,0,Yes,Black,White,Automobile_Audi_R8_X90_Y180_Z0_Yes_Black_White.png,"(540, 960, 3)",30687,uint8
447,Automobile,Audi,R8,90,180,180,Yes,Black,White,Automobile_Audi_R8_X90_Y180_Z180_Yes_Black_White.png,"(540, 960, 3)",23195,uint8
448,Automobile,Audi,R8,90,180,225,Yes,Black,White,Automobile_Audi_R8_X90_Y180_Z225_Yes_Black_White.png,"(540, 960, 3)",38576,uint8
449,Automobile,Audi,R8,90,180,270,Yes,Black,White,Automobile_Audi_R8_X90_Y180_Z270_Yes_Black_White.png,"(540, 960, 3)",33506,uint8
450,Automobile,Audi,R8,90,180,315,Yes,Black,White,Automobile_Audi_R8_X90_Y180_Z315_Yes_Black_White.png,"(540, 960, 3)",37890,uint8
451,Automobile,Audi,R8,90,180,360,Yes,Black,White,Automobile_Audi_R8_X90_Y180_Z360_Yes_Black_White.png,"(540, 960, 3)",30687,uint8
452,Automobile,Audi,R8,90,225,0,Yes,Black,White,Automobile_Audi_R8_X90_Y225_Z0_Yes_Black_White.png,"(540, 960, 3)",43517,uint8
453,Automobile,Audi,R8,90,225,180,Yes,Black,White,Automobile_Audi_R8_X90_Y225_Z180_Yes_Black_White.png,"(540, 960, 3)",38916,uint8
454,Automobile,Audi,R8,90,225,225,Yes,Black,White,Automobile_Audi_R8_X90_Y225_Z225_Yes_Black_White.png,"(540, 960, 3)",51335,uint8
455,Automobile,Audi,R8,90,225,270,Yes,Black,White,Automobile_Audi_R8_X90_Y225_Z270_Yes_Black_White.png,"(540, 960, 3)",43146,uint8
456,Automobile,Audi,R8,90,225,315,Yes,Black,White,Automobile_Audi_R8_X90_Y225_Z315_Yes_Black_White.png,"(540, 960, 3)",51873,uint8
457,Automobile,Audi,R8,90,225,360,Yes,Black,White,Automobile_Audi_R8_X90_Y225_Z360_Yes_Black_White.png,"(540, 960, 3)",43517,uint8
458,Automobile,Audi,R8,90,270,0,Yes,Black,White,Automobile_Audi_R8_X90_Y270_Z0_Yes_Black_White.png,"(540, 960, 3)",42911,uint8
459,Automobile,Audi,R8,90,270,135,Yes,Black,White,Automobile_Audi_R8_X90_Y270_Z135_Yes_Black_White.png,"(540, 960, 3)",50269,uint8
460,Automobile,Audi,R8,90,270,180,Yes,Black,White,Automobile_Audi_R8_X90_Y270_Z180_Yes_Black_White.png,"(540, 960, 3)",41160,uint8
461,Automobile,Audi,R8,90,270,225,Yes,Black,White,Automobile_Audi_R8_X90_Y270_Z225_Yes_Black_White.png,"(540, 960, 3)",50265,uint8
462,Automobile,Audi,R8,90,270,270,Yes,Black,White,Automobile_Audi_R8_X90_Y270_Z270_Yes_Black_White.png,"(540, 960, 3)",37053,uint8
463,Automobile,Audi,R8,90,270,315,Yes,Black,White,Automobile_Audi_R8_X90_Y270_Z315_Yes_Black_White.png,"(540, 960, 3)",52716,uint8
464,Automobile,Audi,R8,90,270,360,Yes,Black,White,Automobile_Audi_R8_X90_Y270_Z360_Yes_Black_White.png,"(540, 960, 3)",42911,uint8
465,Automobile,Audi,R8,90,270,45,Yes,Black,White,Automobile_Audi_R8_X90_Y270_Z45_Yes_Black_White.png,"(540, 960, 3)",48624,uint8
466,Automobile,Audi,R8,90,315,0,Yes,Black,White,Automobile_Audi_R8_X90_Y315_Z0_Yes_Black_White.png,"(540, 960, 3)",41831,uint8
467,Automobile,Audi,R8,90,315,135,Yes,Black,White,Automobile_Audi_R8_X90_Y315_Z135_Yes_Black_White.png,"(540, 960, 3)",55374,uint8
468,Automobile,Audi,R8,90,315,180,Yes,Black,White,Automobile_Audi_R8_X90_Y315_Z180_Yes_Black_White.png,"(540, 960, 3)",43236,uint8
469,Automobile,Audi,R8,90,315,360,Yes,Black,White,Automobile_Audi_R8_X90_Y315_Z360_Yes_Black_White.png,"(540, 960, 3)",41831,uint8
470,Automobile,Audi,R8,90,315,45,Yes,Black,White,Automobile_Audi_R8_X90_Y315_Z45_Yes_Black_White.png,"(540, 960, 3)",53661,uint8
471,Automobile,Audi,R8,90,315,90,Yes,Black,White,Automobile_Audi_R8_X90_Y315_Z90_Yes_Black_White.png,"(540, 960, 3)",44940,uint8
472,Automobile,Audi,R8,90,360,0,Yes,Black,White,Automobile_Audi_R8_X90_Y360_Z0_Yes_Black_White.png,"(540, 960, 3)",24390,uint8
473,Automobile,Audi,R8,90,360,135,Yes,Black,White,Automobile_Audi_R8_X90_Y360_Z135_Yes_Black_White.png,"(540, 960, 3)",38220,uint8
474,Automobile,Audi,R8,90,360,180,Yes,Black,White,Automobile_Audi_R8_X90_Y360_Z180_Yes_Black_White.png,"(540, 960, 3)",28747,uint8
475,Automobile,Audi,R8,90,360,360,Yes,Black,White,Automobile_Audi_R8_X90_Y360_Z360_Yes_Black_White.png,"(540, 960, 3)",24390,uint8
476,Automobile,Audi,R8,90,360,45,Yes,Black,White,Automobile_Audi_R8_X90_Y360_Z45_Yes_Black_White.png,"(540, 960, 3)",37838,uint8
477,Automobile,Audi,R8,90,360,90,Yes,Black,White,Automobile_Audi_R8_X90_Y360_Z90_Yes_Black_White.png,"(540, 960, 3)",33546,uint8
478,Automobile,Audi,R8,90,45,0,Yes,Black,White,Automobile_Audi_R8_X90_Y45_Z0_Yes_Black_White.png,"(540, 960, 3)",40494,uint8
479,Automobile,Audi,R8,90,45,135,Yes,Black,White,Automobile_Audi_R8_X90_Y45_Z135_Yes_Black_White.png,"(540, 960, 3)",49939,uint8
480,Automobile,Audi,R8,90,45,180,Yes,Black,White,Automobile_Audi_R8_X90_Y45_Z180_Yes_Black_White.png,"(540, 960, 3)",42532,uint8
481,Automobile,Audi,R8,90,45,360,Yes,Black,White,Automobile_Audi_R8_X90_Y45_Z360_Yes_Black_White.png,"(540, 960, 3)",40494,uint8
482,Automobile,Audi,R8,90,45,45,Yes,Black,White,Automobile_Audi_R8_X90_Y45_Z45_Yes_Black_White.png,"(540, 960, 3)",53246,uint8
483,Automobile,Audi,R8,90,45,90,Yes,Black,White,Automobile_Audi_R8_X90_Y45_Z90_Yes_Black_White.png,"(540, 960, 3)",42929,uint8
484,Automobile,Audi,R8,90,90,0,Yes,Black,White,Automobile_Audi_R8_X90_Y90_Z0_Yes_Black_White.png,"(540, 960, 3)",42998,uint8
485,Automobile,Audi,R8,90,90,135,Yes,Black,White,Automobile_Audi_R8_X90_Y90_Z135_Yes_Black_White.png,"(540, 960, 3)",51553,uint8
486,Automobile,Audi,R8,90,90,180,Yes,Black,White,Automobile_Audi_R8_X90_Y90_Z180_Yes_Black_White.png,"(540, 960, 3)",41550,uint8
487,Automobile,Audi,R8,90,90,225,Yes,Black,White,Automobile_Audi_R8_X90_Y90_Z225_Yes_Black_White.png,"(540, 960, 3)",50068,uint8
488,Automobile,Audi,R8,90,90,315,Yes,Black,White,Automobile_Audi_R8_X90_Y90_Z315_Yes_Black_White.png,"(540, 960, 3)",49347,uint8
489,Automobile,Audi,R8,90,90,360,Yes,Black,White,Automobile_Audi_R8_X90_Y90_Z360_Yes_Black_White.png,"(540, 960, 3)",42998,uint8
490,Automobile,Audi,R8,90,90,45,Yes,Black,White,Automobile_Audi_R8_X90_Y90_Z45_Yes_Black_White.png,"(540, 960, 3)",51892,uint8
491,Automobile,Audi,R8,90,90,90,Yes,Black,White,Automobile_Audi_R8_X90_Y90_Z90_Yes_Black_White.png,"(540, 960, 3)",36992,uint8
